/*
관리자 샘플데이터 50개
승인대기	업체 10개(주간8,야간2) 			 - 사업자등록번호가 홀수이면 내과,짝수이면 외과
승인된	업체	30개(주간15,야간10,24시간 5) - 사업자등록번호가 홀수이면 외과,짝수이면 내과
승인거절	업체 10개 (주간10)
Sample 에서 사
*/
TRUNCATE TABLE CLINIC;
ROLLBACK;
SELECT * FROM CLINIC;


/****************************************************************************************
****************************************************************************************
					승인인대기업체(주간8,야간2):사업자등록번호가 홀수이면 내과,짝수이면 외과
****************************************************************************************
****************************************************************************************/
INSERT INTO CLINIC
	(	BLN,CID,CLN_NAME,DIRECTOR,TEL,EMAIL,
		OPEN_TIME,	CLOSE_TIME,POST,SIDO,SIGUNGU,EMD,X,Y,ADDR_DETAIL,
		SUBJECT,NIGHT_YN,INTRO,CUT_YN,HSTL_YN,APRVL_YN,CIP,APRVL_DATE	)
	VALUES
	(	'0000000001','ctest01','쌍용병원1','원장1','02-000-0001','s1@sist.co.kr',
		'09:00','17:00','00001','서울','관악구','봉천동','0','0','1층',
			1,'N','SAMPLE 병원1','N','N','R','127.0.0.1',SYSDATE	);

INSERT INTO CLINIC
	(	BLN,CID,CLN_NAME,DIRECTOR,TEL,EMAIL,
		OPEN_TIME,	CLOSE_TIME,POST,SIDO,SIGUNGU,EMD,X,Y,ADDR_DETAIL,
		SUBJECT,NIGHT_YN,INTRO,CUT_YN,HSTL_YN,APRVL_YN,CIP,APRVL_DATE	)
	VALUES
	(	'000000002,','ctest02','쌍용병원2','원장2','02-000-0002','s2@sist.co.kr',
		'09:00','18:00','00002','서울','관악구','신림동','0','0','2층',
			2,'N','SAMPLE 병원2','N','N','R','127.0.0.1',SYSDATE	);

INSERT INTO CLINIC
	(	BLN,CID,CLN_NAME,DIRECTOR,TEL,EMAIL,
		OPEN_TIME,	CLOSE_TIME,POST,SIDO,SIGUNGU,EMD,X,Y,ADDR_DETAIL,
		SUBJECT,NIGHT_YN,INTRO,CUT_YN,HSTL_YN,APRVL_YN,CIP,APRVL_DATE	)
	VALUES
	(	'000000003','ctest03','쌍용병원3','원장3','02-000-0003','s3@sist.co.kr',
		'09:00','19:00','00003','서울','관악구','남현동','0','0','3층',
			1,'N','SAMPLE 병원3','N','N','R','127.0.0.1',SYSDATE	);

INSERT INTO CLINIC
	(	BLN,CID,CLN_NAME,DIRECTOR,TEL,EMAIL,
		OPEN_TIME,	CLOSE_TIME,POST,SIDO,SIGUNGU,EMD,X,Y,ADDR_DETAIL,
		SUBJECT,NIGHT_YN,INTRO,CUT_YN,HSTL_YN,APRVL_YN,CIP,APRVL_DATE	)
	VALUES
	(	'0000000004','ctest04','쌍용병원4','원장4','02-000-0001','s4@sist.co.kr',
		'09:00','17:00','00004','서울','종로구','청운동','0','0','4층',
			2,'N','SAMPLE 병원4','N','N','R','127.0.0.1',SYSDATE	);

INSERT INTO CLINIC
	(	BLN,CID,CLN_NAME,DIRECTOR,TEL,EMAIL,
		OPEN_TIME,	CLOSE_TIME,POST,SIDO,SIGUNGU,EMD,X,Y,ADDR_DETAIL,
		SUBJECT,NIGHT_YN,INTRO,CUT_YN,HSTL_YN,APRVL_YN,CIP,APRVL_DATE	)
	VALUES
	(	'0000000005','ctest05','쌍용병원5','원장5','02-000-0005','s5@sist.co.kr',
		'09:00','18:00','00005','서울','종로구','신교동','0','0','5층',
			1,'Y','SAMPLE 병원5','N','N','R','127.0.0.1',SYSDATE	);

INSERT INTO CLINIC
	(	BLN,CID,CLN_NAME,DIRECTOR,TEL,EMAIL,
		OPEN_TIME,	CLOSE_TIME,POST,SIDO,SIGUNGU,EMD,X,Y,ADDR_DETAIL,
		SUBJECT,NIGHT_YN,INTRO,CUT_YN,HSTL_YN,APRVL_YN,CIP,APRVL_DATE	)
	VALUES
	(	'0000000006','ctest06','쌍용병원6','원장6','02-000-0006','s6@sist.co.kr',
		'09:00','19:00','00006','서울','종로구','궁정동','0','0','6층',
			2,'N','SAMPLE 병원6','N','N','R','127.0.0.1',SYSDATE	);

INSERT INTO CLINIC
	(	BLN,CID,CLN_NAME,DIRECTOR,TEL,EMAIL,
		OPEN_TIME,	CLOSE_TIME,POST,SIDO,SIGUNGU,EMD,X,Y,ADDR_DETAIL,
		SUBJECT,NIGHT_YN,INTRO,CUT_YN,HSTL_YN,APRVL_YN,CIP,APRVL_DATE	)
	VALUES
	(	'000000007,','ctest07','쌍용병원7','원장7','02-000-0002','s7@sist.co.kr',
		'10:00','18:00','00007','서울','종로구','효자동','0','0','7층',
			1,'N','SAMPLE 병원7','N','N','R','127.0.0.1',SYSDATE	);

INSERT INTO CLINIC
	(	BLN,CID,CLN_NAME,DIRECTOR,TEL,EMAIL,
		OPEN_TIME,	CLOSE_TIME,POST,SIDO,SIGUNGU,EMD,X,Y,ADDR_DETAIL,
		SUBJECT,NIGHT_YN,INTRO,CUT_YN,HSTL_YN,APRVL_YN,CIP,APRVL_DATE	)
	VALUES
	(	'0000000008','ctest08','쌍용병원8','원장8','02-000-0008','s8@sist.co.kr',
		'10:00','19:00','00008','서울','종로구','창성동','0','0','8층',
			1,'N','SAMPLE 병원8','N','N','R','127.0.0.1',SYSDATE	);

INSERT INTO CLINIC
	(	BLN,CID,CLN_NAME,DIRECTOR,TEL,EMAIL,
		OPEN_TIME,	CLOSE_TIME,POST,SIDO,SIGUNGU,EMD,X,Y,ADDR_DETAIL,
		SUBJECT,NIGHT_YN,INTRO,CUT_YN,HSTL_YN,APRVL_YN,CIP,APRVL_DATE	)
	VALUES
	(	'0000000009','ctest09','쌍용병원9','원장9','02-000-0009','s9@sist.co.kr',
		'09:00','18:00','00009','서울','종로구','통의동','0','0','9층',
			1,'Y','SAMPLE 병원9','N','N','R','127.0.0.1',SYSDATE	);
INSERT	INTO NIGHT_CARE(BLN,NOPEN,NCLOSE,DAY_OF_WEEK)
		VALUES ('0000000009','14:00','23:00',3);

INSERT INTO CLINIC
	(	BLN,CID,CLN_NAME,DIRECTOR,TEL,EMAIL,
		OPEN_TIME,	CLOSE_TIME,POST,SIDO,SIGUNGU,EMD,X,Y,ADDR_DETAIL,
		SUBJECT,NIGHT_YN,INTRO,CUT_YN,HSTL_YN,APRVL_YN,CIP,APRVL_DATE	)
	VALUES
	(	'0000000010','ctest10','쌍용병원10','원장10','02-000-0010','s10@sist.co.kr',
		'09:00','19:00','00010','서울','종로구','적선동','0','0','10층',
			2,'Y','SAMPLE 병원10','N','N','R','127.0.0.1',SYSDATE	);
INSERT	INTO NIGHT_CARE(BLN,NOPEN,NCLOSE,DAY_OF_WEEK)
		VALUES ('0000000010','10:00','21:00',4);




/****************************************************************************************
****************************************************************************************
		승인된 업체	30개(주간15,야간10,24시간 5) : 사업자등록번호가 홀수이면 외과,짝수이면 내과
****************************************************************************************
****************************************************************************************/
SELECT * FROM CLINIC;

INSERT INTO CLINIC
	(	BLN,CID,AID,CLN_NAME,DIRECTOR,TEL,EMAIL,
		OPEN_TIME,	CLOSE_TIME,POST,SIDO,SIGUNGU,EMD,X,Y,ADDR_DETAIL,
		SUBJECT,NIGHT_YN,INTRO,CUT_YN,HSTL_YN,APRVL_YN,CIP,APRVL_DATE	)
	VALUES
	(	'0000000011','ctest01','atest01','쌍용병원11','원장11','02-000-0011','s11@sist.co.kr',
		'09:00','18:00','00011','서울','종로구','통인동','0','0','11층',
		2,'N','SAMPLE 병원11','N','N','Y','127.0.0.1',SYSDATE	);


INSERT INTO CLINIC
	(	BLN,CID,AID,CLN_NAME,DIRECTOR,TEL,EMAIL,
		OPEN_TIME,	CLOSE_TIME,POST,SIDO,SIGUNGU,EMD,X,Y,ADDR_DETAIL,
		SUBJECT,NIGHT_YN,INTRO,CUT_YN,HSTL_YN,APRVL_YN,CIP,APRVL_DATE	)
	VALUES
	(	'0000000012','ctest02','atest02','쌍용병원12','원장12','02-000-0012','s12@sist.co.kr',
		'09:00','18:00','00012','서울','종로구','누상동','0','0','12층',
			1,'N','SAMPLE 병원12','N','N','Y','127.0.0.1',SYSDATE	);


INSERT INTO CLINIC
	(	BLN,CID,AID,CLN_NAME,DIRECTOR,TEL,EMAIL,
		OPEN_TIME,	CLOSE_TIME,POST,SIDO,SIGUNGU,EMD,X,Y,ADDR_DETAIL,
		SUBJECT,NIGHT_YN,INTRO,CUT_YN,HSTL_YN,APRVL_YN,CIP,APRVL_DATE	)
	VALUES
	(	'0000000013','ctest03','atest01','쌍용병원1','원장1','02-000-0013','s13@sist.co.kr',
		'09:00','19:00','00013','서울','종로구','누하동','0','0','13층',
			2,'N','SAMPLE 병원13','N','N','Y','127.0.0.1',SYSDATE	);


INSERT INTO CLINIC
	(	BLN,CID,AID,CLN_NAME,DIRECTOR,TEL,EMAIL,
		OPEN_TIME,	CLOSE_TIME,POST,SIDO,SIGUNGU,EMD,X,Y,ADDR_DETAIL,
		SUBJECT,NIGHT_YN,INTRO,CUT_YN,HSTL_YN,APRVL_YN,CIP,APRVL_DATE	)
	VALUES
	(	'0000000014','ctest04','atest04','쌍용병원14','원장14','02-000-0014','s14@sist.co.kr',
		'09:00','18:00','00001','서울','종로구','옥인동','0','0','1층',
			1,'N','SAMPLE 병원14','N','N','Y','127.0.0.1',SYSDATE	);


INSERT INTO CLINIC
	(	BLN,CID,AID,CLN_NAME,DIRECTOR,TEL,EMAIL,
		OPEN_TIME,	CLOSE_TIME,POST,SIDO,SIGUNGU,EMD,X,Y,ADDR_DETAIL,
		SUBJECT,NIGHT_YN,INTRO,CUT_YN,HSTL_YN,APRVL_YN,CIP,APRVL_DATE	)
	VALUES
	(	'0000000015','ctest05','atest05','쌍용병원5','원장15','02-000-0015','s15@sist.co.kr',
		'09:00','19:00','00015','서울','종로구','체부동','0','0','15층',
			2,'N','SAMPLE 병원15','N','N','Y','127.0.0.1',SYSDATE	);


INSERT INTO CLINIC
	(	BLN,CID,AID,CLN_NAME,DIRECTOR,TEL,EMAIL,
		OPEN_TIME,	CLOSE_TIME,POST,SIDO,SIGUNGU,EMD,X,Y,ADDR_DETAIL,
		SUBJECT,NIGHT_YN,INTRO,CUT_YN,HSTL_YN,APRVL_YN,CIP,APRVL_DATE	)
	VALUES
	(	'0000000016','ctest06','atest06','쌍용병원16','원장16','02-000-0016','s16@sist.co.kr',
		'09:00','17:00','00016','서울','종로구','필운동','0','0','16층',
			1,'N','SAMPLE 병원16','N','N','Y','127.0.0.1',SYSDATE	);


INSERT INTO CLINIC
	(	BLN,CID,AID,CLN_NAME,DIRECTOR,TEL,EMAIL,
		OPEN_TIME,	CLOSE_TIME,POST,SIDO,SIGUNGU,EMD,X,Y,ADDR_DETAIL,
		SUBJECT,NIGHT_YN,INTRO,CUT_YN,HSTL_YN,APRVL_YN,CIP,APRVL_DATE	)
	VALUES
	(	'0000000017','ctest07','atest07','쌍용병원17','원장17','02-000-0017','s17@sist.co.kr',
		'09:00','18:00','00001','서울','종로구','내자동','0','0','17층',
			2,'N','SAMPLE 병원17','N','N','Y','127.0.0.1',SYSDATE	);


INSERT INTO CLINIC
	(	BLN,CID,AID,CLN_NAME,DIRECTOR,TEL,EMAIL,
		OPEN_TIME,	CLOSE_TIME,POST,SIDO,SIGUNGU,EMD,X,Y,ADDR_DETAIL,
		SUBJECT,NIGHT_YN,INTRO,CUT_YN,HSTL_YN,APRVL_YN,CIP,APRVL_DATE	)
	VALUES
	(	'0000000018','ctest08','atest08','쌍용병원18','원장18','02-000-0018','s18@sist.co.kr',
		'09:00','19:00','00001','서울','종로구','사직동','0','0','18층',
			1,'N','SAMPLE 병원18','N','N','Y','127.0.0.1',SYSDATE	);


INSERT INTO CLINIC
	(	BLN,CID,AID,CLN_NAME,DIRECTOR,TEL,EMAIL,
		OPEN_TIME,	CLOSE_TIME,POST,SIDO,SIGUNGU,EMD,X,Y,ADDR_DETAIL,
		SUBJECT,NIGHT_YN,INTRO,CUT_YN,HSTL_YN,APRVL_YN,CIP,APRVL_DATE	)
	VALUES
	(	'0000000019','ctest09','atest09','쌍용병원19','원장19','02-000-0019','s19@sist.co.kr',
		'08:30','18:00','00001','서울','종로구','도렴동','0','0','19층',
			2,'N','SAMPLE 병원19','N','N','Y','127.0.0.1',SYSDATE	);


INSERT INTO CLINIC
	(	BLN,CID,AID,CLN_NAME,DIRECTOR,TEL,EMAIL,
		OPEN_TIME,	CLOSE_TIME,POST,SIDO,SIGUNGU,EMD,X,Y,ADDR_DETAIL,
		SUBJECT,NIGHT_YN,INTRO,CUT_YN,HSTL_YN,APRVL_YN,CIP,APRVL_DATE	)
	VALUES
	(	'0000000020','ctest10','atest10','쌍용병원20','원장20','02-000-0020','ㄴ20@sist.co.kr',
		'09:00','18:00','00020','서울','종로구','내수동','0','0','20층',
			1,'N','SAMPLE 병원20','N','N','Y','127.0.0.1',SYSDATE	);


INSERT INTO CLINIC
	(	BLN,CID,AID,CLN_NAME,DIRECTOR,TEL,EMAIL,
		OPEN_TIME,	CLOSE_TIME,POST,SIDO,SIGUNGU,EMD,X,Y,ADDR_DETAIL,
		SUBJECT,NIGHT_YN,INTRO,CUT_YN,HSTL_YN,APRVL_YN,CIP,APRVL_DATE	)
	VALUES
	(	'0000000021','ctest01','atest01','쌍용병원21','원장21','02-000-0021','s21@sist.co.kr',
		'09:00','18:00','00021','서울','동대문구','제기동','0','0','21층',
			2,'N','SAMPLE 병원21','N','N','Y','127.0.0.1',SYSDATE	);


INSERT INTO CLINIC
	(	BLN,CID,AID,CLN_NAME,DIRECTOR,TEL,EMAIL,
		OPEN_TIME,	CLOSE_TIME,POST,SIDO,SIGUNGU,EMD,X,Y,ADDR_DETAIL,
		SUBJECT,NIGHT_YN,INTRO,CUT_YN,HSTL_YN,APRVL_YN,CIP,APRVL_DATE	)
	VALUES
	(	'0000000022','ctest02','atest02','쌍용병원22','원장22','02-000-0022','s22@sist.co.kr',
		'08:00','19:00','00022','서울','종로구','서린동','0','0','22층',
			1,'N','SAMPLE 병원22','N','N','Y','127.0.0.1',SYSDATE	);


INSERT INTO CLINIC
	(	BLN,CID,AID,CLN_NAME,DIRECTOR,TEL,EMAIL,
		OPEN_TIME,	CLOSE_TIME,POST,SIDO,SIGUNGU,EMD,X,Y,ADDR_DETAIL,
		SUBJECT,NIGHT_YN,INTRO,CUT_YN,HSTL_YN,APRVL_YN,CIP,APRVL_DATE	)
	VALUES
	(	'0000000023','ctest03','atest03','쌍용병원23','원장23','02-000-0023','s23@sist.co.kr',
		'07:30','19:00','00023','서울','광진구','중곡동','0','0','23층',
			2,'N','SAMPLE 병원23','N','N','Y','127.0.0.1',SYSDATE	);


INSERT INTO CLINIC
	(	BLN,CID,AID,CLN_NAME,DIRECTOR,TEL,EMAIL,
		OPEN_TIME,	CLOSE_TIME,POST,SIDO,SIGUNGU,EMD,X,Y,ADDR_DETAIL,
		SUBJECT,NIGHT_YN,INTRO,CUT_YN,HSTL_YN,APRVL_YN,CIP,APRVL_DATE	)
	VALUES
	(	'0000000024','ctest04','atest04','쌍용병원24','원장24','02-000-0024','s24@sist.co.kr',
		'08:00','19:00','00024','서울','성동구','옥수동','0','0','24층',
			1,'N','SAMPLE 병원24','N','N','Y','127.0.0.1',SYSDATE	);


INSERT INTO CLINIC
	(	BLN,CID,AID,CLN_NAME,DIRECTOR,TEL,EMAIL,
		OPEN_TIME,	CLOSE_TIME,POST,SIDO,SIGUNGU,EMD,X,Y,ADDR_DETAIL,
		SUBJECT,NIGHT_YN,INTRO,CUT_YN,HSTL_YN,APRVL_YN,CIP,APRVL_DATE	)
	VALUES
	(	'0000000025','ctest05','atest05','쌍용병원25','원장25','02-000-0025','s25@sist.co.kr',
		'07:00','19:00','00025','서울','용산구','남영동','0','0','25층',
			2,'N','SAMPLE 병원25','N','N','Y','127.0.0.1',SYSDATE	);


INSERT INTO CLINIC
	(	BLN,CID,AID,CLN_NAME,DIRECTOR,TEL,EMAIL,
		OPEN_TIME,	CLOSE_TIME,POST,SIDO,SIGUNGU,EMD,X,Y,ADDR_DETAIL,
		SUBJECT,NIGHT_YN,INTRO,CUT_YN,HSTL_YN,APRVL_YN,CIP,APRVL_DATE	)
	VALUES
	(	'0000000026','ctest06','atest06','쌍용병원26','원장26','02-000-0026','s26@sist.co.kr',
		'09:00','19:00','00001','서울','중구','남학동','0','0','26층',
			1,'Y','SAMPLE 병원26','N','N','Y','127.0.0.1',SYSDATE	);
	INSERT	INTO NIGHT_CARE(BLN,NOPEN,NCLOSE,DAY_OF_WEEK)
				VALUES ('0000000026','10:00','21:00',1);

INSERT INTO CLINIC
	(	BLN,CID,AID,CLN_NAME,DIRECTOR,TEL,EMAIL,
		OPEN_TIME,	CLOSE_TIME,POST,SIDO,SIGUNGU,EMD,X,Y,ADDR_DETAIL,
		SUBJECT,NIGHT_YN,INTRO,CUT_YN,HSTL_YN,APRVL_YN,CIP,APRVL_DATE	)
	VALUES
	(	'0000000027','ctest07','atest07','쌍용병원27','원장27','02-000-0027','s27@sist.co.kr',
		'09:00','18:00','00027','서울','중랑구','면목동','0','0','27층',
			2,'Y','SAMPLE 병원27','N','N','Y','127.0.0.1',SYSDATE	);
	INSERT	INTO NIGHT_CARE(BLN,NOPEN,NCLOSE,DAY_OF_WEEK)
			VALUES ('0000000027','13:00','24:00',2);

INSERT INTO CLINIC
	(	BLN,CID,AID,CLN_NAME,DIRECTOR,TEL,EMAIL,
		OPEN_TIME,	CLOSE_TIME,POST,SIDO,SIGUNGU,EMD,X,Y,ADDR_DETAIL,
		SUBJECT,NIGHT_YN,INTRO,CUT_YN,HSTL_YN,APRVL_YN,CIP,APRVL_DATE	)
	VALUES
	(	'0000000028','ctest08','atest08','쌍용병원28','원장28','02-000-0028','s28@sist.co.kr',
		'09:00','18:00','00028','서울','종로구','하월곡동','0','0','28층',
			1,'Y','SAMPLE 병원28','N','N','Y','127.0.0.1',SYSDATE	);
	INSERT	INTO NIGHT_CARE(BLN,NOPEN,NCLOSE,DAY_OF_WEEK)
			VALUES ('0000000028','14:00','24:00',3);

INSERT INTO CLINIC
	(	BLN,CID,AID,CLN_NAME,DIRECTOR,TEL,EMAIL,
		OPEN_TIME,	CLOSE_TIME,POST,SIDO,SIGUNGU,EMD,X,Y,ADDR_DETAIL,
		SUBJECT,NIGHT_YN,INTRO,CUT_YN,HSTL_YN,APRVL_YN,CIP,APRVL_DATE	)
	VALUES
	(	'0000000029','ctest09','atest09','쌍용병원29','원장29','02-000-0029','s29@sist.co.kr',
		'09:00','19:00','00029','서울','성북구','권농동','0','0','29층',
			2,'Y','SAMPLE 병원29','N','N','Y','127.0.0.1',SYSDATE	);
	INSERT	INTO NIGHT_CARE(BLN,NOPEN,NCLOSE,DAY_OF_WEEK)
			VALUES ('0000000029','10:00','24:00',4);

INSERT INTO CLINIC
	(	BLN,CID,AID,CLN_NAME,DIRECTOR,TEL,EMAIL,
		OPEN_TIME,	CLOSE_TIME,POST,SIDO,SIGUNGU,EMD,X,Y,ADDR_DETAIL,
		SUBJECT,NIGHT_YN,INTRO,CUT_YN,HSTL_YN,APRVL_YN,CIP,APRVL_DATE	)
	VALUES
	(	'0000000030','ctest10','atest10','쌍용병원30','원장30','02-000-0030','s30@sist.co.kr',
		'09:00','19:00','00030','서울','도봉구','도봉동','0','0','30층',
			1,'Y','SAMPLE 병원30','N','N','Y','127.0.0.1',SYSDATE	);
	INSERT	INTO NIGHT_CARE(BLN,NOPEN,NCLOSE,DAY_OF_WEEK)
			VALUES ('0000000030','10:00','22:00',5);

INSERT INTO CLINIC
	(	BLN,CID,AID,CLN_NAME,DIRECTOR,TEL,EMAIL,
		OPEN_TIME,	CLOSE_TIME,POST,SIDO,SIGUNGU,EMD,X,Y,ADDR_DETAIL,
		SUBJECT,NIGHT_YN,INTRO,CUT_YN,HSTL_YN,APRVL_YN,CIP,APRVL_DATE	)
	VALUES
	(	'0000000031','ctest01','atest01','쌍용병원31','원장31','02-000-0031','s31@sist.co.kr',
		'09:00','19:00','00031','서울','은평구','증산동','0','0','31층',
			2,'Y','SAMPLE 병원31','N','N','Y','127.0.0.1',SYSDATE	);
	INSERT	INTO NIGHT_CARE(BLN,NOPEN,NCLOSE,DAY_OF_WEEK)
			VALUES ('0000000031','11:00','21:30',1);


INSERT INTO CLINIC
	(	BLN,CID,AID,CLN_NAME,DIRECTOR,TEL,EMAIL,
		OPEN_TIME,	CLOSE_TIME,POST,SIDO,SIGUNGU,EMD,X,Y,ADDR_DETAIL,
		SUBJECT,NIGHT_YN,INTRO,CUT_YN,HSTL_YN,APRVL_YN,CIP,APRVL_DATE	)
	VALUES
	(	'0000000032','ctest02','atest02','쌍용병원32','원장32','02-000-0001','s32@sist.co.kr',
		'09:00','18:00','00032','서울','서대문구','북아현동','0','0','32층',
			1,'Y','SAMPLE 병원32','N','N','Y','127.0.0.1',SYSDATE	);
	INSERT	INTO NIGHT_CARE(BLN,NOPEN,NCLOSE,DAY_OF_WEEK)
			VALUES ('0000000032','10:30','22:30',2);

INSERT INTO CLINIC
	(	BLN,CID,AID,CLN_NAME,DIRECTOR,TEL,EMAIL,
		OPEN_TIME,	CLOSE_TIME,POST,SIDO,SIGUNGU,EMD,X,Y,ADDR_DETAIL,
		SUBJECT,NIGHT_YN,INTRO,CUT_YN,HSTL_YN,APRVL_YN,CIP,APRVL_DATE	)
	VALUES
	(	'0000000033','ctest03','atest03','쌍용병원33','원장33','02-000-0033','s33@sist.co.kr',
		'09:00','19:00','00033','서울','마포구','대흥동','0','0','33층',
			2,'Y','SAMPLE 병원33','N','N','Y','127.0.0.1',SYSDATE	);
INSERT	INTO NIGHT_CARE(BLN,NOPEN,NCLOSE,DAY_OF_WEEK)
			VALUES ('0000000033','10:00','21:00',3);

INSERT INTO CLINIC
	(	BLN,CID,AID,CLN_NAME,DIRECTOR,TEL,EMAIL,
		OPEN_TIME,	CLOSE_TIME,POST,SIDO,SIGUNGU,EMD,X,Y,ADDR_DETAIL,
		SUBJECT,NIGHT_YN,INTRO,CUT_YN,HSTL_YN,APRVL_YN,CIP,APRVL_DATE	)
	VALUES
	(	'0000000034','ctest04','atest04','쌍용병원34','원장34','02-000-0034','s34@sist.co.kr',
		'09:00','18:00','00034','서울','마포구','용강동','0','0','34층',
			1,'Y','SAMPLE 병원34','N','N','Y','127.0.0.1',SYSDATE	);
INSERT	INTO NIGHT_CARE(BLN,NOPEN,NCLOSE,DAY_OF_WEEK)
			VALUES ('0000000034','10:00','22:00',4);

INSERT INTO CLINIC
	(	BLN,CID,AID,CLN_NAME,DIRECTOR,TEL,EMAIL,
		OPEN_TIME,	CLOSE_TIME,POST,SIDO,SIGUNGU,EMD,X,Y,ADDR_DETAIL,
		SUBJECT,NIGHT_YN,INTRO,CUT_YN,HSTL_YN,APRVL_YN,CIP,APRVL_DATE	)
	VALUES
	(	'0000000035','ctest05','atest05','쌍용병원35','원장35','02-000-0035','s35@sist.co.kr',
		'09:00','19:00','00035','서울','동작구','본동','0','0','35층',
			2,'Y','SAMPLE 병원35','N','N','Y','127.0.0.1',SYSDATE	);
	INSERT	INTO NIGHT_CARE(BLN,NOPEN,NCLOSE,DAY_OF_WEEK)
			VALUES ('0000000035','10:00','21:00',5);



INSERT INTO CLINIC
	(	BLN,CID,AID,CLN_NAME,DIRECTOR,TEL,EMAIL,
		OPEN_TIME,	CLOSE_TIME,POST,SIDO,SIGUNGU,EMD,X,Y,ADDR_DETAIL,
		SUBJECT,NIGHT_YN,INTRO,CUT_YN,HSTL_YN,APRVL_YN,CIP,APRVL_DATE	)
	VALUES
	(	'0000000036','ctest06','atest06','쌍용병원36','원장36','02-000-0036','s36@sist.co.kr',
		'24:24','24:24','00036','서울','동작구','대방동','0','0','36층',
			1,'A','SAMPLE 병원36','N','N','Y','127.0.0.1',SYSDATE	);

INSERT INTO CLINIC
	(	BLN,CID,AID,CLN_NAME,DIRECTOR,TEL,EMAIL,
		OPEN_TIME,	CLOSE_TIME,POST,SIDO,SIGUNGU,EMD,X,Y,ADDR_DETAIL,
		SUBJECT,NIGHT_YN,INTRO,CUT_YN,HSTL_YN,APRVL_YN,CIP,APRVL_DATE	)
	VALUES
	(	'0000000037','ctest07','atest07','쌍용병원37','원장37','02-000-0037','s37@sist.co.kr',
		'24:24','24:24','00037','서울','서초구','서초동','0','0','37층',
			2,'A','SAMPLE 병원37','N','N','Y','127.0.0.1',SYSDATE	);

INSERT INTO CLINIC
	(	BLN,CID,AID,CLN_NAME,DIRECTOR,TEL,EMAIL,
		OPEN_TIME,	CLOSE_TIME,POST,SIDO,SIGUNGU,EMD,X,Y,ADDR_DETAIL,
		SUBJECT,NIGHT_YN,INTRO,CUT_YN,HSTL_YN,APRVL_YN,CIP,APRVL_DATE	)
	VALUES
	(	'0000000038','ctest08','atest08','쌍용병원38','원장38','02-000-0038','s38@sist.co.kr',
		'24:24','24:24','00038','서울','강남구','역삼동','0','0','38층',
			1,'A','SAMPLE 병원38','N','N','Y','127.0.0.1',SYSDATE	);

INSERT INTO CLINIC
	(	BLN,CID,AID,CLN_NAME,DIRECTOR,TEL,EMAIL,
		OPEN_TIME,	CLOSE_TIME,POST,SIDO,SIGUNGU,EMD,X,Y,ADDR_DETAIL,
		SUBJECT,NIGHT_YN,INTRO,CUT_YN,HSTL_YN,APRVL_YN,CIP,APRVL_DATE	)
	VALUES
	(	'0000000039','ctest09','atest09','쌍용병원39','원장39','02-000-0039','s39@sist.co.kr',
		'24:24','24:24','00039','서울','송파구','오금동','0','0','39층',
			1,'A','SAMPLE 병원39','N','N','Y','127.0.0.1',SYSDATE	);

INSERT INTO CLINIC
	(	BLN,CID,AID,CLN_NAME,DIRECTOR,TEL,EMAIL,
		OPEN_TIME,	CLOSE_TIME,POST,SIDO,SIGUNGU,EMD,X,Y,ADDR_DETAIL,
		SUBJECT,NIGHT_YN,INTRO,CUT_YN,HSTL_YN,APRVL_YN,CIP,APRVL_DATE	)
	VALUES
	(	'0000000040','ctest10','atest10','쌍용병원40','원장40','02-000-0040','s40@sist.co.kr',
		'24:24','24:24','00040','서울','강동구','길동','0','0','40층',
			1,'A','SAMPLE 병원40','N','N','Y','127.0.0.1',SYSDATE	);


/****************************************************************************************
****************************************************************************************
								승인거절	업체 10개 (주간10)
****************************************************************************************
****************************************************************************************/

INSERT INTO CLINIC
	(	BLN,CID,AID,CLN_NAME,DIRECTOR,TEL,EMAIL,
		OPEN_TIME,	CLOSE_TIME,POST,SIDO,SIGUNGU,EMD,X,Y,ADDR_DETAIL,
		SUBJECT,NIGHT_YN,INTRO,CUT_YN,HSTL_YN,APRVL_YN,CIP,APRVL_DATE	)
	VALUES
	(	'0000000041','ctest01','atest01','쌍용병원41','원장41','02-000-0041','s41@sist.co.kr',
		'09:00','17:00','00041','서울','종로구','사간동','0','0','41층',
			1,'N','SAMPLE 병원1','N','N','N','127.0.0.1',SYSDATE	);
	INSERT INTO REJ_CO(BLN,REJ)
	VALUES	('0000000041','확인되지 않는 사업자 등록번호 입니다.');


INSERT INTO CLINIC
	(	BLN,CID,AID,CLN_NAME,DIRECTOR,TEL,EMAIL,
		OPEN_TIME,	CLOSE_TIME,POST,SIDO,SIGUNGU,EMD,X,Y,ADDR_DETAIL,
		SUBJECT,NIGHT_YN,INTRO,CUT_YN,HSTL_YN,APRVL_YN,CIP,APRVL_DATE	)
	VALUES
	(	'0000000042','ctest02','atest02','쌍용병원42','원장42','02-000-0042','s42@sist.co.kr',
		'09:00','17:00','00042','서울','서초구','방배동','0','0','42층',
			1,'N','SAMPLE 병원1','N','N','N','127.0.0.1',SYSDATE	);
	INSERT INTO REJ_CO(BLN,REJ)
	VALUES	('0000000042','입력하신 주소의 확인이 어렵습니다. 확인부탁드립니다.');


INSERT INTO CLINIC
	(	BLN,CID,AID,CLN_NAME,DIRECTOR,TEL,EMAIL,
		OPEN_TIME,	CLOSE_TIME,POST,SIDO,SIGUNGU,EMD,X,Y,ADDR_DETAIL,
		SUBJECT,NIGHT_YN,INTRO,CUT_YN,HSTL_YN,APRVL_YN,CIP,APRVL_DATE	)
	VALUES
	(	'0000000043','ctest03','atest03','쌍용병원43','원장43','02-000-0043','s43@sist.co.kr',
		'09:00','17:00','00043','서울','서초구','양재동','0','0','43층',
			1,'N','SAMPLE 병원43','N','N','N','127.0.0.1',SYSDATE	);
	INSERT INTO REJ_CO(BLN,REJ)
	VALUES	('0000000043','확인한 결과 진료과목이 상이한것 같습니다.');


INSERT INTO CLINIC
	(	BLN,CID,AID,CLN_NAME,DIRECTOR,TEL,EMAIL,
		OPEN_TIME,	CLOSE_TIME,POST,SIDO,SIGUNGU,EMD,X,Y,ADDR_DETAIL,
		SUBJECT,NIGHT_YN,INTRO,CUT_YN,HSTL_YN,APRVL_YN,CIP,APRVL_DATE	)
	VALUES
	(	'0000000044','ctest04','atest04','쌍용병원44','원장44','02-000-0044','s44@sist.co.kr',
		'09:00','17:00','00044','서울','서초구','우면동','0','0','44층',
			1,'N','SAMPLE 병원44','N','N','N','127.0.0.1',SYSDATE	);
	INSERT INTO REJ_CO(BLN,REJ)
	VALUES	('0000000044','확인되지 않는 사업자 등록번호 입니다.');


INSERT INTO CLINIC
	(	BLN,CID,AID,CLN_NAME,DIRECTOR,TEL,EMAIL,
		OPEN_TIME,	CLOSE_TIME,POST,SIDO,SIGUNGU,EMD,X,Y,ADDR_DETAIL,
		SUBJECT,NIGHT_YN,INTRO,CUT_YN,HSTL_YN,APRVL_YN,CIP,APRVL_DATE	)
	VALUES
	(	'0000000045','ctest05','atest05','쌍용병원45','원장45','02-000-0001','s45@sist.co.kr',
		'09:00','17:00','00045','서울','서초구','원지동','0','0','45층',
			1,'N','SAMPLE 병원45','N','N','N','127.0.0.1',SYSDATE	);
	INSERT INTO REJ_CO(BLN,REJ)
	VALUES	('0000000045','입력하신 주소의 확인이 어렵습니다. 확인부탁드립니다.');


INSERT INTO CLINIC
	(	BLN,CID,AID,CLN_NAME,DIRECTOR,TEL,EMAIL,
		OPEN_TIME,	CLOSE_TIME,POST,SIDO,SIGUNGU,EMD,X,Y,ADDR_DETAIL,
		SUBJECT,NIGHT_YN,INTRO,CUT_YN,HSTL_YN,APRVL_YN,CIP,APRVL_DATE	)
	VALUES
	(	'0000000046','ctest06','atest06','쌍용병원46','원장46','02-000-0046','s46@sist.co.kr',
		'09:00','17:00','00046','서울','서초구','잠원동','0','0','46층',
			1,'N','SAMPLE 병원46','N','N','N','127.0.0.1',SYSDATE	);
	INSERT INTO REJ_CO(BLN,REJ)
	VALUES	('0000000046','사진이 부적절합니다.');


INSERT INTO CLINIC
	(	BLN,CID,AID,CLN_NAME,DIRECTOR,TEL,EMAIL,
		OPEN_TIME,	CLOSE_TIME,POST,SIDO,SIGUNGU,EMD,X,Y,ADDR_DETAIL,
		SUBJECT,NIGHT_YN,INTRO,CUT_YN,HSTL_YN,APRVL_YN,CIP,APRVL_DATE	)
	VALUES
	(	'0000000047','ctest07','atest07','쌍용병원47','원장47','02-000-0047','s47@sist.co.kr',
		'09:00','17:00','00047','서울','서초구','염곡동','0','0','47층',
			1,'N','SAMPLE 병원47','N','N','N','127.0.0.1',SYSDATE	);
	INSERT INTO REJ_CO(BLN,REJ)
	VALUES	('0000000047','입력하신 주소의 확인이 어렵습니다. 확인부탁드립니다.');


INSERT INTO CLINIC
	(	BLN,CID,AID,CLN_NAME,DIRECTOR,TEL,EMAIL,
		OPEN_TIME,	CLOSE_TIME,POST,SIDO,SIGUNGU,EMD,X,Y,ADDR_DETAIL,
		SUBJECT,NIGHT_YN,INTRO,CUT_YN,HSTL_YN,APRVL_YN,CIP,APRVL_DATE	)
	VALUES
	(	'0000000048','ctest08','atest08','쌍용병원48','원장48','02-000-0048','s48@sist.co.kr',
		'09:00','17:00','00048','서울','강동구','성내동','0','0','48층',
			1,'N','SAMPLE 병원48','N','N','N','127.0.0.1',SYSDATE	);
	INSERT INTO REJ_CO(BLN,REJ)
	VALUES	('0000000048','사진이 부적절합니다.');


INSERT INTO CLINIC
	(	BLN,CID,AID,CLN_NAME,DIRECTOR,TEL,EMAIL,
		OPEN_TIME,	CLOSE_TIME,POST,SIDO,SIGUNGU,EMD,X,Y,ADDR_DETAIL,
		SUBJECT,NIGHT_YN,INTRO,CUT_YN,HSTL_YN,APRVL_YN,CIP,APRVL_DATE	)
	VALUES
	(	'0000000049','ctest09','atest09','쌍용병원49','원장49','02-000-0049','s49@sist.co.kr',
		'09:00','17:00','00049','서울','강동구','천호동','0','0','49층',
			1,'N','SAMPLE 병원49','N','N','N','127.0.0.1',SYSDATE	);
	INSERT INTO REJ_CO(BLN,REJ)
	VALUES	('0000000049','확인되지 않는 사업자 등록번호 입니다.');

INSERT INTO CLINIC
	(	BLN,CID,AID,CLN_NAME,DIRECTOR,TEL,EMAIL,
		OPEN_TIME,	CLOSE_TIME,POST,SIDO,SIGUNGU,EMD,X,Y,ADDR_DETAIL,
		SUBJECT,NIGHT_YN,INTRO,CUT_YN,HSTL_YN,APRVL_YN,CIP,APRVL_DATE	)
	VALUES
	(	'0000000050','ctest10','atest10','쌍용병원50','원장50','02-000-0050','s50@sist.co.kr',
		'09:00','17:00','00050','서울','강동구','강일동','0','0','50층',
			1,'N','SAMPLE 병원50','N','N','N','127.0.0.1',SYSDATE	);
	INSERT INTO REJ_CO(BLN,REJ)
	VALUES	('0000000050','사진이 부적절합니다.');


SELECT * FROM REJ_CO;

SELECT * FROM CLINIC;

COMMIT;